{
  "UserCustom": {
    "WeaponSettings": {
      "WeaponRecoil": 0.0,
      "BulletSpread": 0.0,
      "DamageScale": "Maxplus",
      "WeaponRange": "Maxplus",
      "FireRate": 0.0001,
      "HipFireAccuracy": "Maxplus",
      "ShotgunSpread": 0.0,
      "SniperADSSpeed": 0.001,
      "BulletVelocity": "Maxplus",
      "BulletGravity": 0.0,
      "ShotInterval": 0.0001,
      "InstantKnock": "Maxplus",
      "ScopeOpenTime": 0.0,
      "ScopeAnimation": "Disabled",
      "HipFireAnimation": "Disabled"
    },
    "AimSettings": {
      "AimAssist": "Maxplus",
      "AimAssistRange": "Maxplus",
      "AimAssistStrength": "Maxplus",
      "AutoHeadshot": "Maxplus",
      "HeadshotLock": "Maxplus",
      "DynamicHeadshot": "Maxplus",
      "BodyToHead": "Maxplus",
      "AimFOV": 360,
      "AimCorrection": "Maxplus",
      "LongRangeHeadshot": "Maxplus",
      "MagneticAim": "Maxplus",
      "EnemyTracking": "Maxplus",
      "MovingEnemyLock": "Maxplus",
      "HipFireHeadshotLock": "Maxplus"
    }
  }
}