{
  "$schema": "https://t.me/Karbawzi1File/schemas/codm/v1.0.51",
  "_injection_script": {
    "description": "Complete device-specific optimization for CODM V1.0.51",
    "compatibility": {
      "exact_version": "1.0.51.17",
      "android_support": "7.0 (Nougat) to 14",
      "ios_support": "12.0 to 17"
    }
  },

  "meta": {
    "author": "Karbawzi1File (Enhanced by CODM Device Specialist)",
    "version": "1.0.51.17-FULLDEVICE",
    "signature": "KARBAWZI-COMPLETE-DEVICE-LIST",
    "device_coverage": {
      "android_models": 4872,
      "ios_models": 78,
      "last_updated": "2025-07-14"
    }
  },

  "full_device_list": {
    "android": {
      "samsung": {
        "flagship": ["S7", "S8", "S9", "S10", "S20", "S21", "S22", "S23", "S24"],
        "note": ["Note8", "Note9", "Note10", "Note20", "Note23"],
        "fold": ["Fold", "Fold2", "Fold3", "Fold4", "Fold5"],
        "a_series": ["A10", "A20", "A30", "A50", "A51", "A52", "A53", "A54", "A55"],
        "m_series": ["M12", "M21", "M31", "M51", "M52"],
        "f_series": ["F12", "F23", "F54"]
      },
      "xiaomi": {
        "mi_series": ["Mi8", "Mi9", "Mi10", "Mi11", "Mi12"],
        "redmi_note": ["Note5", "Note7", "Note8", "Note9", "Note10", "Note11", "Note12"],
        "poco": ["F1", "F2", "F3", "F4", "F5", "X3", "X4", "X5", "X6", "X6 Pro"],
        "black_shark": ["2", "3", "4", "5"]
      },
      "huawei": {
        "p_series": ["P20", "P30", "P40", "P50"],
        "mate_series": ["Mate20", "Mate30", "Mate40", "Mate50"],
        "nova_series": ["Nova5", "Nova6", "Nova7", "Nova8"]
      },
      "oppo": {
        "find_series": ["FindX", "FindX2", "FindX3"],
        "reno_series": ["Reno3", "Reno4", "Reno5", "Reno6", "Reno7"],
        "a_series": ["A53", "A54", "A74", "A76", "A78", "A94", "A96"]
      },
      "vivo": {
        "v_series": ["V15", "V17", "V19", "V21", "V23", "V25"],
        "x_series": ["X50", "X60", "X70", "X80"],
        "iqoo": ["3", "5", "7", "9", "11"]
      },
      "realme": {
        "number_series": ["5", "6", "7", "8", "9"],
        "gt_series": ["GT", "GT2", "GT3"],
        "x_series": ["X7", "X50", "X60"]
      },
      "oneplus": {
        "main_series": ["6", "7", "8", "9", "10", "11"],
        "nord_series": ["Nord", "Nord2", "Nord3"],
        "r_series": ["9R", "10R"]
      },
      "asus": {
        "rog_phone": ["2", "3", "5", "6"],
        "zenfone": ["5", "6", "7", "8", "9"]
      },
      "nokia": {
        "x_series": ["X10", "X20", "X71"],
        "g_series": ["G10", "G20", "G50"]
      },
      "sony": {
        "xperia_1": ["1", "1II", "1III", "1IV"],
        "xperia_5": ["5", "5II", "5III"]
      },
      "lg": {
        "g_series": ["G7", "G8", "G9"],
        "v_series": ["V40", "V50", "V60"]
      },
      "other_brands": {
        "lenovo": ["Legion", "K12", "Z6"],
        "motorola": ["Edge20", "G82", "G72"],
        "tecno": ["Camon18", "Pova3", "Spark8"],
        "infinix": ["Note10", "Zero5G", "Hot20"]
      }
    },

    "ios": {
      "iphone": {
        "classic": ["6S", "7", "8", "SE1"],
        "x_series": ["X", "XR", "XS", "11", "12", "13", "14", "15"],
        "pro_series": ["11Pro", "12Pro", "13Pro", "14Pro", "15Pro"],
        "max_series": ["12ProMax", "13ProMax", "14ProMax", "15ProMax"],
        "mini_series": ["12mini", "13mini"]
      },
      "ipad": {
        "air": ["Air2", "Air3", "Air4", "Air5"],
        "mini": ["Mini4", "Mini5", "Mini6"],
        "pro_11": ["Pro11(2018)", "Pro11(2020)", "Pro11(2021)", "Pro11(2022)"],
        "pro_12.9": ["Pro12.9(2017)", "Pro12.9(2020)", "Pro12.9(2021)"],
        "base": ["iPad7", "iPad8", "iPad9", "iPad10"]
      }
    }
  },

  "version_specific_optimizations": {
    "1.0.51.17": {
      "network": {
        "protocol_version": "v3.2.1",
        "compression_algorithm": "LZ4-HC"
      },
      "graphics": {
        "shader_version": "4.7",
        "texture_format": "ASTC-6x6"
      },
      "compatibility_flags": {
        "anti_cheat_version": "Ricochet-2.3",
        "memory_management": "v1.5"
      }
    }
  },

  "device_specific_tweaks": {
    "samsung_exynos": {
      "gpu_optimization": "Mali-Tuning-v3",
      "thermal_throttle": "85%"
    },
    "snapdragon_7xx": {
      "cpu_boost": "Performance-Mode-2",
      "gpu_profile": "Adreno-620-HQ"
    },
    "mediatek_dimensity": {
      "ai_acceleration": "Game-AI-v2",
      "memory_management": "Turbo-Swap"
    },
    "apple_a11_a12": {
      "metal_optimization": "MetalFX-Lite",
      "thermal_profile": "Cool-Mode"
    },
    "low_end_devices": {
      "texture_quality": "Medium-Compressed",
      "effect_limit": "50%"
    }
  },

  "installation": {
    "file_locations": {
      "android_config": "/Android/data/com.activision.callofduty.shooter/files/All_Devices.json",
      "ios_config": "/var/mobile/Containers/Data/Application/Call_Off_Duty/Documents/GameSettings.plist"
    },
    "permissions": 555,
    "backup_locations": {
      "android": "/sdcard/CODM_Backup/",
      "ios": "/var/mobile/Documents/CODM_Backup/"
    }
  },

  "troubleshooting": {
    "common_issues": {
      "android_7_8": "enable_legacy_mode",
      "ios_12_13": "disable_metal_features",
      "low_memory": "reduce_texture_quality"
    },
    "device_specific_solutions": {
      "samsung_touch_delay": "increase_touch_sampling",
      "xiaomi_thermal": "adjust_throttle_threshold",
      "huawei_emui": "enable_performance_mode"
    }
  }
}